SRA_Run,Strain,BioSample,BioProject,Read_1,Read_2,Paired
SRR3490940,FGSC_3834,SAMN02822290,PRJNA250900,SRR3490940_1.fastq.gz,NONE,N
SRR1798429,FGSC_4311,SAMN02822388,PRJNA251247,SRR1798429_1.fastq.gz,SRR1798429_2.fastq.gz,Y
SRR1798002,FGSC_4530,SAMN02910284,PRJNA250768,SRR1798002_1.fastq.gz,SRR1798002_2.fastq.gz,Y
SRR1587793,FGSC_19,SAMN02821403,PRJNA249746,SRR1587793_1.fastq.gz,SRR1587793_2.fastq.gz,Y
SRR1587460,FGSC_7289,SAMN02821892,PRJNA249964,SRR1587460_1.fastq.gz,SRR1587460_2.fastq.gz,Y
SRR1800256,FGSC_4594,SAMN02822224,PRJNA250143,SRR1800256_1.fastq.gz,SRR1800256_2.fastq.gz,Y
SRR1587829,FGSC_1212,SAMN02821607,PRJNA249729,SRR1587829_1.fastq.gz,SRR1587829_2.fastq.gz,Y
SRR1588070,FGSC_#3174,SAMN02821414,PRJNA250433,SRR1588070_1.fastq.gz,SRR1588070_2.fastq.gz,Y
SRR1799224,FGSC_385,SAMN02822263,PRJNA250901,SRR1799224_1.fastq.gz,SRR1799224_2.fastq.gz,Y
SRR1800223,FGSC_3646,SAMN02822042,PRJNA249968,SRR1800223_1.fastq.gz,SRR1800223_2.fastq.gz,Y
SRR4069246,FGSC_1516,SAMN02910402,PRJNA250323,SRR4069246_1.fastq.gz,SRR4069246_2.fastq.gz,Y
SRR3492083,FGSC_10770,SAMN02822250,PRJNA250727,SRR3492083_1.fastq.gz,NONE,N
SRR1797906,FGSC_931,SAMN02910328,PRJNA250647,SRR1797906_1.fastq.gz,SRR1797906_2.fastq.gz,Y
SRR4025963,FGSC_96,SAMN05518737,PRJNA337381,SRR4025963_1.fastq.gz,SRR4025963_2.fastq.gz,Y
SRR1798241,FGSC_1077,SAMN02821482,PRJNA251128,SRR1798241_1.fastq.gz,SRR1798241_2.fastq.gz,Y
SRR1797996,FGSC_3925,SAMN02910394,PRJNA250751,SRR1797996_1.fastq.gz,SRR1797996_2.fastq.gz,Y
SRR1797998,FGSC_4010,SAMN02910338,PRJNA250764,SRR1797998_1.fastq.gz,SRR1797998_2.fastq.gz,Y
SRR4069221,FGSC_6435,SAMN02910320,PRJNA249115,SRR4069221_1.fastq.gz,SRR4069221_2.fastq.gz,Y
SRR1800182,FGSC_2736,SAMN02821974,PRJNA249887,SRR1800182_1.fastq.gz,SRR1800182_2.fastq.gz,Y
SRR1798426,FGSC_4312,SAMN02822390,PRJNA251249,SRR1798426_1.fastq.gz,SRR1798426_2.fastq.gz,Y
SRR1800231,FGSC_3905,SAMN02821711,PRJNA250057,SRR1800231_1.fastq.gz,SRR1800231_2.fastq.gz,Y
SRR1799241,FGSC_1458,SAMN02822266,PRJNA250783,SRR1799241_1.fastq.gz,SRR1799241_2.fastq.gz,Y
SRR5829694,BB.vmaTf5,SAMN05444588,PRJNA335154,SRR5829694_1.fastq.gz,SRR5829694_2.fastq.gz,Y
SRR4143349,FGSC_10328_trk-1_(not_NCU06449),SAMN03159361,PRJNA265493,SRR4143349_1.fastq.gz,SRR4143349_2.fastq.gz,Y
SRR1798586,FGSC_25015,SAMN02821949,PRJNA251315,SRR1798586_1.fastq.gz,SRR1798586_2.fastq.gz,Y
SRR1798392,FGSC_3780,SAMN02821620,PRJNA251202,SRR1798392_1.fastq.gz,SRR1798392_2.fastq.gz,Y
SRR1798231,FGSC_492,SAMN02821390,PRJNA251130,SRR1798231_1.fastq.gz,SRR1798231_2.fastq.gz,Y
SRR4151293,FGSC_1645_mo(NM218),SAMN03159433,PRJNA265514,SRR4151293_1.fastq.gz,SRR4151293_2.fastq.gz,Y
SRR4069264,FGSC_3740,SAMN02910348,PRJNA249100,SRR4069264_1.fastq.gz,SRR4069264_2.fastq.gz,Y
SRR4142850,FGSC_1662_mo(P1898),SAMN03159455,PRJNA265590,SRR4142850_1.fastq.gz,SRR4142850_2.fastq.gz,Y
SRR1798278,FGSC_1373,SAMN02821648,PRJNA251138,SRR1798278_1.fastq.gz,SRR1798278_2.fastq.gz,Y
SRR4125628,FGSC_7515,SAMN02822050,PRJNA249954,SRR4125628_1.fastq.gz,SRR4125628_2.fastq.gz,Y
SRR1798443,FGSC_10987,SAMN02822081,PRJNA251255,SRR1798443_1.fastq.gz,SRR1798443_2.fastq.gz,Y
SRR1800219,FGSC_3644,SAMN02821667,PRJNA249971,SRR1800219_1.fastq.gz,SRR1800219_2.fastq.gz,Y
SRR1800275,FGSC_11999,SAMN02822342,PRJNA250213,SRR1800275_1.fastq.gz,SRR1800275_2.fastq.gz,Y
SRR4069230,FGSC_6401,SAMN02946272,PRJNA256792,SRR4069230_1.fastq.gz,SRR4069230_2.fastq.gz,Y
SRR1800261,FGSC_4597,SAMN02821968,PRJNA250131,SRR1800261_1.fastq.gz,SRR1800261_2.fastq.gz,Y
SRR1587821,FGSC_690,SAMN02822186,PRJNA249967,SRR1587821_1.fastq.gz,SRR1587821_2.fastq.gz,Y
SRR1587846,FGSC_1666,SAMN02821580,PRJNA249730,SRR1587846_1.fastq.gz,SRR1587846_2.fastq.gz,Y
SRR1800276,FGSC_13495,SAMN02822239,PRJNA250207,SRR1800276_1.fastq.gz,SRR1800276_2.fastq.gz,Y
SRR1797934,FGSC_2239,SAMN02910332,PRJNA250699,SRR1797934_1.fastq.gz,SRR1797934_2.fastq.gz,Y
SRR1587452,FGSC_4218,SAMN02822183,PRJNA249933,SRR1587452_1.fastq.gz,SRR1587452_2.fastq.gz,Y
SRR1800151,FGSC_215,SAMN02822018,PRJNA249806,SRR1800151_1.fastq.gz,SRR1800151_2.fastq.gz,Y
SRR1798235,FGSC_575,SAMN02822372,PRJNA251127,SRR1798235_1.fastq.gz,SRR1798235_2.fastq.gz,Y
SRR4142836,FGSC_1647_mo(D309),SAMN03159503,PRJNA265574,SRR4142836_1.fastq.gz,SRR4142836_2.fastq.gz,Y
SRR1800279,FGSC_14201,SAMN02821477,PRJNA250222,SRR1800279_1.fastq.gz,SRR1800279_2.fastq.gz,Y
SRR1587871,FGSC_2737,SAMN02822039,PRJNA249803,SRR1587871_1.fastq.gz,SRR1587871_2.fastq.gz,Y
SRR1800222,FGSC_3645,SAMN02821675,PRJNA249969,SRR1800222_1.fastq.gz,SRR1800222_2.fastq.gz,Y
SRR4063862,FGSC_2270,SAMN02910316,PRJNA250324,SRR4063862_1.fastq.gz,SRR4063862_2.fastq.gz,Y
SRR1800168,FGSC_1884,SAMN02822212,PRJNA249869,SRR1800168_1.fastq.gz,SRR1800168_2.fastq.gz,Y
SRR1587465,FGSC_7516,SAMN02821665,PRJNA249950,SRR1587465_1.fastq.gz,SRR1587465_2.fastq.gz,Y
SRR1800157,FGSC_1377,SAMN02821740,PRJNA249825,SRR1800157_1.fastq.gz,SRR1800157_2.fastq.gz,Y
SRR1797987,FGSC_3469,SAMN02910393,PRJNA250716,SRR1797987_1.fastq.gz,SRR1797987_2.fastq.gz,Y
SRR3490983,FGSC_8201,SAMN02822361,PRJNA250945,SRR3490983_1.fastq.gz,NONE,N
SRR1799238,FGSC_1236,SAMN02821525,PRJNA250745,SRR1799238_1.fastq.gz,SRR1799238_2.fastq.gz,Y
SRR1798022,FGSC_1021,SAMN02910326,PRJNA250637,SRR1798022_1.fastq.gz,SRR1798022_2.fastq.gz,Y
SRR1800184,FGSC_2962,SAMN02821739,PRJNA249893,SRR1800184_1.fastq.gz,SRR1800184_2.fastq.gz,Y
SRR4064253,FGSC_2737,SAMN02910277,PRJNA249098,SRR4064253_1.fastq.gz,SRR4064253_2.fastq.gz,Y
SRR1587659,FGSC_3923,SAMN02910395,PRJNA250750,SRR1587659_1.fastq.gz,SRR1587659_2.fastq.gz,Y
SRR1798053,FGSC_8287,SAMN02910306,PRJNA250818,SRR1798053_1.fastq.gz,SRR1798053_2.fastq.gz,Y
SRR1587464,FGSC_7514,SAMN02821999,PRJNA249946,SRR1587464_1.fastq.gz,SRR1587464_2.fastq.gz,Y
SRR3490961,FGSC_4484,SAMN02822360,PRJNA250902,SRR3490961_1.fastq.gz,NONE,N
SRR1800283,FGSC_18900,SAMN02821786,PRJNA250228,SRR1800283_1.fastq.gz,SRR1800283_2.fastq.gz,Y
SRR1797984,FGSC_3307,SAMN02910260,PRJNA250709,SRR1797984_1.fastq.gz,SRR1797984_2.fastq.gz,Y
SRR1587824,FGSC_939,SAMN02822210,PRJNA250034,SRR1587824_1.fastq.gz,SRR1587824_2.fastq.gz,Y
SRR4061910,FGSC_10986,SAMN02821473,PRJNA251257,SRR4061910_1.fastq.gz,SRR4061910_2.fastq.gz,Y
SRR1798052,FGSC_7766,SAMN02910387,PRJNA250811,SRR1798052_1.fastq.gz,SRR1798052_2.fastq.gz,Y
SRR4142855,FGSC_1676_mo(NM201f),SAMN03159412,PRJNA265606,SRR4142855_1.fastq.gz,SRR4142855_2.fastq.gz,Y
SRR1798224,FGSC_101,SAMN02821515,PRJNA251067,SRR1798224_1.fastq.gz,SRR1798224_2.fastq.gz,Y
SRR1798280,FGSC_1378,SAMN02821439,PRJNA251201,SRR1798280_1.fastq.gz,SRR1798280_2.fastq.gz,Y
SRR1799248,FGSC_1586,SAMN02822278,PRJNA250782,SRR1799248_1.fastq.gz,SRR1799248_2.fastq.gz,Y
SRR1800266,FGSC_4600,SAMN02821432,PRJNA250139,SRR1800266_1.fastq.gz,SRR1800266_2.fastq.gz,Y
SRR1799255,FGSC_1595,SAMN02821635,PRJNA250793,SRR1799255_1.fastq.gz,SRR1799255_2.fastq.gz,Y
SRR4142848,FGSC_1650_mo(NM211),SAMN03159305,PRJNA265573,SRR4142848_1.fastq.gz,SRR4142848_2.fastq.gz,Y
SRR1587934,FGSC_2763,SAMN02821914,PRJNA249807,SRR1587934_1.fastq.gz,SRR1587934_2.fastq.gz,Y
SRR1587935,FGSC_3182,SAMN02821736,PRJNA249808,SRR1587935_1.fastq.gz,SRR1587935_2.fastq.gz,Y
SRR1799234,FGSC_1228,SAMN02821834,PRJNA250747,SRR1799234_1.fastq.gz,SRR1799234_2.fastq.gz,Y
SRR1798520,FGSC_25003,SAMN02821547,PRJNA251288,SRR1798520_1.fastq.gz,SRR1798520_2.fastq.gz,Y
SRR1798523,FGSC_25002,SAMN02822115,PRJNA251289,SRR1798523_1.fastq.gz,SRR1798523_2.fastq.gz,Y
SRR1798438,FGSC_4316,SAMN02821647,PRJNA251253,SRR1798438_1.fastq.gz,SRR1798438_2.fastq.gz,Y
SRR1800263,FGSC_4599,SAMN02822333,PRJNA250137,SRR1800263_1.fastq.gz,SRR1800263_2.fastq.gz,Y
SRR1800154,FGSC_422,SAMN02821447,PRJNA249818,SRR1800154_1.fastq.gz,SRR1800154_2.fastq.gz,Y
SRR1800191,FGSC_3241,SAMN02821991,PRJNA249974,SRR1800191_1.fastq.gz,SRR1800191_2.fastq.gz,Y
SRR4143350,FGSC_10322_grape_(4-9)t,SAMN03159375,PRJNA265497,SRR4143350_1.fastq.gz,SRR4143350_2.fastq.gz,Y
SRR1799418,FGSC_2270,SAMN02822277,PRJNA250841,SRR1799418_1.fastq.gz,SRR1799418_2.fastq.gz,Y
SRR1800150,FGSC_420,SAMN02822197,PRJNA249812,SRR1800150_1.fastq.gz,SRR1800150_2.fastq.gz,Y
SRR1587820,FGSC_689,SAMN02946527,PRJNA256750,SRR1587820_1.fastq.gz,SRR1587820_2.fastq.gz,Y
SRR4025939,FGSC_7022,SAMN05518729,PRJNA337452,SRR4025939_1.fastq.gz,SRR4025939_2.fastq.gz,Y
SRR4025940,FGSC_7022,SAMN05518729,PRJNA337452,SRR4025940_1.fastq.gz,SRR4025940_2.fastq.gz,Y
SRR4069222,FGSC_290,SAMN02910410,PRJNA249097,SRR4069222_1.fastq.gz,SRR4069222_2.fastq.gz,Y
SRR1799246,FGSC_1582,SAMN02822265,PRJNA250774,SRR1799246_1.fastq.gz,SRR1799246_2.fastq.gz,Y
SRR1587841,FGSC_1664,SAMN02821732,PRJNA249742,SRR1587841_1.fastq.gz,SRR1587841_2.fastq.gz,Y
SRR1799254,FGSC_1592,SAMN02821465,PRJNA250786,SRR1799254_1.fastq.gz,SRR1799254_2.fastq.gz,Y
SRR1798277,FGSC_1374,SAMN02821902,PRJNA251144,SRR1798277_1.fastq.gz,SRR1798277_2.fastq.gz,Y
SRR1799245,FGSC_1581,SAMN02822016,PRJNA250795,SRR1799245_1.fastq.gz,SRR1799245_2.fastq.gz,Y
SRR1798573,FGSC_25011,SAMN02821663,PRJNA251306,SRR1798573_1.fastq.gz,SRR1798573_2.fastq.gz,Y
SRR4143346,FGSC_10320_grape_(10-15),SAMN03159419,PRJNA265490,SRR4143346_1.fastq.gz,SRR4143346_2.fastq.gz,Y
SRR1797983,FGSC_2989,SAMN02910336,PRJNA250697,SRR1797983_1.fastq.gz,SRR1797983_2.fastq.gz,Y
SRR1798227,FGSC_239,SAMN02821791,PRJNA251250,SRR1798227_1.fastq.gz,SRR1798227_2.fastq.gz,Y
SRR1800273,FGSC_10756,SAMN02822222,PRJNA250148,SRR1800273_1.fastq.gz,SRR1800273_2.fastq.gz,Y
SRR1798558,FGSC_25007,SAMN02821793,PRJNA251299,SRR1798558_1.fastq.gz,SRR1798558_2.fastq.gz,Y
SRR1799221,FGSC_351,SAMN02821568,PRJNA250888,SRR1799221_1.fastq.gz,SRR1799221_2.fastq.gz,Y
SRR4025959,FGSC_49,SAMN05519136,PRJNA337457,SRR4025959_1.fastq.gz,SRR4025959_2.fastq.gz,Y
SRR4025960,FGSC_49,SAMN05519136,PRJNA337457,SRR4025960_1.fastq.gz,SRR4025960_2.fastq.gz,Y
SRR3491015,FGSC_9427,SAMN02821517,PRJNA250951,SRR3491015_1.fastq.gz,NONE,N
SRR1587862,FGSC_2688,SAMN02821582,PRJNA249800,SRR1587862_1.fastq.gz,SRR1587862_2.fastq.gz,Y
SRR1798279,FGSC_1376,SAMN02822399,PRJNA251147,SRR1798279_1.fastq.gz,SRR1798279_2.fastq.gz,Y
SRR1798419,FGSC_4308,SAMN02822079,PRJNA251241,SRR1798419_1.fastq.gz,SRR1798419_2.fastq.gz,Y
SRR1797924,FGSC_1524,SAMN02946560,PRJNA250644,SRR1797924_1.fastq.gz,SRR1797924_2.fastq.gz,Y
SRR4069219,FGSC_8252,SAMN02910346,PRJNA249189,SRR4069219_1.fastq.gz,SRR4069219_2.fastq.gz,Y
SRR1587477,FGSC_7527,SAMN02822238,PRJNA250027,SRR1587477_1.fastq.gz,SRR1587477_2.fastq.gz,Y
SRR1587848,FGSC_1781,SAMN02821579,PRJNA249734,SRR1587848_1.fastq.gz,SRR1587848_2.fastq.gz,Y
SRR1587813,FGSC_392,SAMN02821576,PRJNA249860,SRR1587813_1.fastq.gz,SRR1587813_2.fastq.gz,Y
SRR4143347,FGSC_4440_ufa(P73B118),SAMN03159372,PRJNA265624,SRR4143347_1.fastq.gz,SRR4143347_2.fastq.gz,Y
SRR1797917,FGSC_1002,SAMN02910391,PRJNA250646,SRR1797917_1.fastq.gz,SRR1797917_2.fastq.gz,Y
SRR1799267,FGSC_2342,SAMN02821655,PRJNA250847,SRR1799267_1.fastq.gz,SRR1799267_2.fastq.gz,Y
SRR4143334,FGSC_4326_dgr(BE52),SAMN03159360,PRJNA265604,SRR4143334_1.fastq.gz,SRR4143334_2.fastq.gz,Y
SRR1587657,FGSC_1748,SAMN02910309,PRJNA250663,SRR1587657_1.fastq.gz,SRR1587657_2.fastq.gz,Y
SRR1797991,FGSC_3538,SAMN02910283,PRJNA250717,SRR1797991_1.fastq.gz,SRR1797991_2.fastq.gz,Y
SRR1800183,FGSC_6016,SAMN02821623,PRJNA249892,SRR1800183_1.fastq.gz,SRR1800183_2.fastq.gz,Y
SRR1798396,FGSC_3785,SAMN02822087,PRJNA251206,SRR1798396_1.fastq.gz,SRR1798396_2.fastq.gz,Y
SRR1800210,FGSC_3243,SAMN02821989,PRJNA249975,SRR1800210_1.fastq.gz,SRR1800210_2.fastq.gz,Y
SRR1797997,FGSC_3926,SAMN02910313,PRJNA250766,SRR1797997_1.fastq.gz,SRR1797997_2.fastq.gz,Y
SRR1587853,FGSC_2296,SAMN02822010,PRJNA249802,SRR1587853_1.fastq.gz,SRR1587853_2.fastq.gz,Y
SRR1798019,FGSC_5859,SAMN02910288,PRJNA250769,SRR1798019_1.fastq.gz,SRR1798019_2.fastq.gz,Y
SRR1797929,FGSC_1749,SAMN02910329,PRJNA250664,SRR1797929_1.fastq.gz,SRR1797929_2.fastq.gz,Y
SRR1587861,FGSC_2462,SAMN02822195,PRJNA249793,SRR1587861_1.fastq.gz,SRR1587861_2.fastq.gz,Y
SRR1800189,FGSC_3239,SAMN02822310,PRJNA249970,SRR1800189_1.fastq.gz,SRR1800189_2.fastq.gz,Y
SRR1800176,FGSC_2579,SAMN02821741,PRJNA249880,SRR1800176_1.fastq.gz,SRR1800176_2.fastq.gz,Y
SRR1797927,FGSC_1673,SAMN02910324,PRJNA250651,SRR1797927_1.fastq.gz,SRR1797927_2.fastq.gz,Y
SRR1797992,FGSC_3600,SAMN02910366,PRJNA250714,SRR1797992_1.fastq.gz,SRR1797992_2.fastq.gz,Y
SRR4024766,FGSC_305,SAMN05519209,PRJNA337125,SRR4024766_1.fastq.gz,SRR4024766_2.fastq.gz,Y
SRR1798212,FGSC_49,SAMN02821721,PRJNA251072,SRR1798212_1.fastq.gz,SRR1798212_2.fastq.gz,Y
SRR1798559,FGSC_25008,SAMN02822389,PRJNA251305,SRR1798559_1.fastq.gz,SRR1798559_2.fastq.gz,Y
SRR1587944,FGSC_3424,SAMN02821450,PRJNA249855,SRR1587944_1.fastq.gz,SRR1587944_2.fastq.gz,Y
SRR1800190,FGSC_3240,SAMN02821927,PRJNA249972,SRR1800190_1.fastq.gz,SRR1800190_2.fastq.gz,Y
SRR1800262,FGSC_4598,SAMN02821970,PRJNA250129,SRR1800262_1.fastq.gz,SRR1800262_2.fastq.gz,Y
SRR1798211,FGSC_14,SAMN02822373,PRJNA251073,SRR1798211_1.fastq.gz,SRR1798211_2.fastq.gz,Y
SRR4151349,FGSC_1659_mo(D306),SAMN03159430,PRJNA265593,SRR4151349_1.fastq.gz,SRR4151349_2.fastq.gz,Y
SRR1798006,FGSC_4647,SAMN02910258,PRJNA250753,SRR1798006_1.fastq.gz,SRR1798006_2.fastq.gz,Y
SRR1798055,FGSC_8969,SAMN02910388,PRJNA250816,SRR1798055_1.fastq.gz,SRR1798055_2.fastq.gz,Y
SRR1797935,FGSC_2329,SAMN02910362,PRJNA250696,SRR1797935_1.fastq.gz,SRR1797935_2.fastq.gz,Y
SRR1587863,FGSC_2689,SAMN02822165,PRJNA249794,SRR1587863_1.fastq.gz,SRR1587863_2.fastq.gz,Y
SRR1799270,FGSC_2761,SAMN02821864,PRJNA250842,SRR1799270_1.fastq.gz,SRR1799270_2.fastq.gz,Y
SRR1799226,FGSC_532,SAMN02821395,PRJNA250905,SRR1799226_1.fastq.gz,SRR1799226_2.fastq.gz,Y
SRR1587869,FGSC_2696,SAMN02821621,PRJNA249790,SRR1587869_1.fastq.gz,SRR1587869_2.fastq.gz,Y
SRR4069263,FGSC_6659,SAMN02910372,PRJNA249199,SRR4069263_1.fastq.gz,SRR4069263_2.fastq.gz,Y
SRR1799263,FGSC_2174,SAMN02822057,PRJNA250838,SRR1799263_1.fastq.gz,SRR1799263_2.fastq.gz,Y
SRR1800233,FGSC_3963,SAMN02821544,PRJNA250053,SRR1800233_1.fastq.gz,SRR1800233_2.fastq.gz,Y
SRR1798442,FGSC_10985,SAMN02821523,PRJNA251254,SRR1798442_1.fastq.gz,SRR1798442_2.fastq.gz,Y
SRR1798017,FGSC_5138,SAMN02910285,PRJNA250767,SRR1798017_1.fastq.gz,SRR1798017_2.fastq.gz,Y
SRR3492085,FGSC_T96,SAMN02821437,PRJNA250950,SRR3492085_1.fastq.gz,NONE,N
SRR1798372,FGSC_3771,SAMN02821943,PRJNA251199,SRR1798372_1.fastq.gz,SRR1798372_2.fastq.gz,Y
SRR1797985,FGSC_3289,SAMN02910364,PRJNA250704,SRR1797985_1.fastq.gz,SRR1797985_2.fastq.gz,Y
SRR1799233,FGSC_987,SAMN02822294,PRJNA250954,SRR1799233_1.fastq.gz,SRR1799233_2.fastq.gz,Y
SRR1798381,FGSC_3777,SAMN02821449,PRJNA251251,SRR1798381_1.fastq.gz,SRR1798381_2.fastq.gz,Y
SRR1799232,FGSC_853,SAMN02822279,PRJNA250949,SRR1799232_1.fastq.gz,SRR1799232_2.fastq.gz,Y
SRR1587832,FGSC_1227,SAMN02822173,PRJNA249732,SRR1587832_1.fastq.gz,SRR1587832_2.fastq.gz,Y
SRR1799239,FGSC_1237,SAMN02822246,PRJNA250778,SRR1799239_1.fastq.gz,SRR1799239_2.fastq.gz,Y
SRR1797916,FGSC_1003,SAMN02910452,PRJNA250652,SRR1797916_1.fastq.gz,SRR1797916_2.fastq.gz,Y
SRR1587815,FGSC_633,SAMN02822185,PRJNA249953,SRR1587815_1.fastq.gz,SRR1587815_2.fastq.gz,Y
SRR1800270,FGSC_5167,SAMN02822045,PRJNA250144,SRR1800270_1.fastq.gz,SRR1800270_2.fastq.gz,Y
SRR4142837,FGSC_1639_mo(NM216s),SAMN03159333,PRJNA265518,SRR4142837_1.fastq.gz,SRR4142837_2.fastq.gz,Y
SRR1800166,FGSC_1667,SAMN02821625,PRJNA249876,SRR1800166_1.fastq.gz,SRR1800166_2.fastq.gz,Y
SRR4142851,FGSC_1672_mo(NM226),SAMN03159369,PRJNA265608,SRR4142851_1.fastq.gz,SRR4142851_2.fastq.gz,Y
SRR1798237,FGSC_793,SAMN02821608,PRJNA251137,SRR1798237_1.fastq.gz,SRR1798237_2.fastq.gz,Y
SRR4025956,FGSC_1211,SAMN05519214,PRJNA337453,SRR4025956_1.fastq.gz,SRR4025956_2.fastq.gz,Y
SRR4025957,FGSC_1211,SAMN05519214,PRJNA337453,SRR4025957_1.fastq.gz,SRR4025957_2.fastq.gz,Y
SRR4025958,FGSC_1211,SAMN05519214,PRJNA337453,SRR4025958_1.fastq.gz,SRR4025958_2.fastq.gz,Y
SRR1587833,FGSC_1528,SAMN02821875,PRJNA249737,SRR1587833_1.fastq.gz,SRR1587833_2.fastq.gz,Y
SRR1587836,FGSC_1531,SAMN02821816,PRJNA249741,SRR1587836_1.fastq.gz,SRR1587836_2.fastq.gz,Y
SRR4069234,FGSC_6436,SAMN02910412,PRJNA249116,SRR4069234_1.fastq.gz,SRR4069234_2.fastq.gz,Y
SRR4064271,FGSC_4272,SAMN02910438,PRJNA249101,SRR4064271_1.fastq.gz,SRR4064271_2.fastq.gz,Y
SRR1798233,FGSC_506,SAMN02822328,PRJNA251125,SRR1798233_1.fastq.gz,SRR1798233_2.fastq.gz,Y
SRR4143336,FGSC_10326_N._crassa,SAMN03159317,PRJNA265504,SRR4143336_1.fastq.gz,SRR4143336_2.fastq.gz,Y
SRR4069225,FGSC_2530,SAMN02910405,PRJNA250335,SRR4069225_1.fastq.gz,SRR4069225_2.fastq.gz,Y
SRR1587948,FGSC_3456,SAMN02821945,PRJNA249846,SRR1587948_1.fastq.gz,SRR1587948_2.fastq.gz,Y
SRR1587847,FGSC_1780,SAMN02822175,PRJNA249731,SRR1587847_1.fastq.gz,SRR1587847_2.fastq.gz,Y
SRR1800238,FGSC_4183,SAMN02821542,PRJNA250061,SRR1800238_1.fastq.gz,SRR1800238_2.fastq.gz,Y
SRR1587462,FGSC_7512,SAMN02821922,PRJNA249962,SRR1587462_1.fastq.gz,SRR1587462_2.fastq.gz,Y
SRR4025952,FGSC_1363,SAMN05518734,PRJNA337123,SRR4025952_1.fastq.gz,SRR4025952_2.fastq.gz,Y
SRR1800172,FGSC_2474,SAMN02822184,PRJNA249885,SRR1800172_1.fastq.gz,SRR1800172_2.fastq.gz,Y
SRR1587943,FGSC_3367,SAMN02822048,PRJNA249854,SRR1587943_1.fastq.gz,SRR1587943_2.fastq.gz,Y
SRR1797932,FGSC_2175,SAMN02910259,PRJNA250654,SRR1797932_1.fastq.gz,SRR1797932_2.fastq.gz,Y
SRR4142842,FGSC_1661_mo(NM359),SAMN03159314,PRJNA265591,SRR4142842_1.fastq.gz,SRR4142842_2.fastq.gz,Y
SRR1587466,FGSC_7518,SAMN02821996,PRJNA249965,SRR1587466_1.fastq.gz,SRR1587466_2.fastq.gz,Y
SRR4063855,FGSC_2218,SAMN02910454,PRJNA250330,SRR4063855_1.fastq.gz,SRR4063855_2.fastq.gz,Y
SRR1798238,FGSC_981,SAMN02821391,PRJNA251143,SRR1798238_1.fastq.gz,SRR1798238_2.fastq.gz,Y
SRR1587473,FGSC_7524,SAMN02822228,PRJNA249955,SRR1587473_1.fastq.gz,SRR1587473_2.fastq.gz,Y
SRR4069237,FGSC_6442,SAMN02910440,PRJNA249122,SRR4069237_1.fastq.gz,SRR4069237_2.fastq.gz,Y
SRR1798583,FGSC_25013,SAMN02821661,PRJNA251312,SRR1798583_1.fastq.gz,SRR1798583_2.fastq.gz,Y
SRR4143343,FGSC_7529_pen(JL261),SAMN03159435,PRJNA265622,SRR4143343_1.fastq.gz,SRR4143343_2.fastq.gz,Y
SRR1799272,FGSC_3304,SAMN02946458,PRJNA256747,SRR1799272_1.fastq.gz,SRR1799272_2.fastq.gz,Y
SRR1799220,FGSC_262,SAMN02822330,PRJNA250840,SRR1799220_1.fastq.gz,SRR1799220_2.fastq.gz,Y
SRR1800187,FGSC_3235,SAMN02822054,PRJNA249890,SRR1800187_1.fastq.gz,SRR1800187_2.fastq.gz,Y
SRR5829695,BB.bump,SAMN05444122,PRJNA335153,SRR5829695_1.fastq.gz,SRR5829695_2.fastq.gz,Y
SRR1798574,FGSC_25012,SAMN02822017,PRJNA251313,SRR1798574_1.fastq.gz,SRR1798574_2.fastq.gz,Y
SRR4142846,FGSC_1658_mo(NM213t),SAMN03159413,PRJNA265571,SRR4142846_1.fastq.gz,SRR4142846_2.fastq.gz,Y
SRR1587951,FGSC_3648,SAMN02821856,PRJNA249868,SRR1587951_1.fastq.gz,SRR1587951_2.fastq.gz,Y
SRR4063853,FGSC_626,SAMN02910375,PRJNA249111,SRR4063853_1.fastq.gz,SRR4063853_2.fastq.gz,Y
SRR1799256,FGSC_1596,SAMN02821854,PRJNA250792,SRR1799256_1.fastq.gz,SRR1799256_2.fastq.gz,Y
SRR3492084,FGSC_10773,SAMN02821421,PRJNA250732,SRR3492084_1.fastq.gz,NONE,N
SRR1798253,FGSC_1372,SAMN02946270,PRJNA256716,SRR1798253_1.fastq.gz,SRR1798253_2.fastq.gz,Y
SRR1800272,FGSC_5076,SAMN02821433,PRJNA250153,SRR1800272_1.fastq.gz,SRR1800272_2.fastq.gz,Y
SRR1587937,FGSC_3237,SAMN02821533,PRJNA249815,SRR1587937_1.fastq.gz,SRR1587937_2.fastq.gz,Y
SRR1800164,FGSC_1372,SAMN02822182,PRJNA249875,SRR1800164_1.fastq.gz,SRR1800164_2.fastq.gz,Y
SRR1587947,FGSC_3445,SAMN02821617,PRJNA249847,SRR1587947_1.fastq.gz,SRR1587947_2.fastq.gz,Y
SRR4061905,FGSC_10984_Mauriceville,SAMN02821826,PRJNA251242,SRR4061905_1.fastq.gz,SRR4061905_2.fastq.gz,Y
SRR1799269,FGSC_2472,SAMN02821865,PRJNA250834,SRR1799269_1.fastq.gz,SRR1799269_2.fastq.gz,Y
SRR4025954,FGSC_3562,SAMN05519139,PRJNA337493,SRR4025954_1.fastq.gz,SRR4025954_2.fastq.gz,Y
SRR4025955,FGSC_3562,SAMN05519139,PRJNA337493,SRR4025955_1.fastq.gz,SRR4025955_2.fastq.gz,Y
SRR1798518,FGSC_25001,SAMN02821784,PRJNA251287,SRR1798518_1.fastq.gz,SRR1798518_2.fastq.gz,Y
SRR1800227,FGSC_3737,SAMN02822202,PRJNA250046,SRR1800227_1.fastq.gz,SRR1800227_2.fastq.gz,Y
SRR4143340,FGSC_8281_tns,SAMN03159409,PRJNA265621,SRR4143340_1.fastq.gz,SRR4143340_2.fastq.gz,Y
SRR4143345,FGSC_4327_dgr(L1),SAMN03159484,PRJNA265598,SRR4143345_1.fastq.gz,SRR4143345_2.fastq.gz,Y
SRR1587816,FGSC_632,SAMN02821499,PRJNA249952,SRR1587816_1.fastq.gz,SRR1587816_2.fastq.gz,Y
SRR4069240,FGSC_8930,SAMN02910266,PRJNA249193,SRR4069240_1.fastq.gz,SRR4069240_2.fastq.gz,Y
SRR1800271,FGSC_9718,SAMN02822204,PRJNA250159,SRR1800271_1.fastq.gz,SRR1800271_2.fastq.gz,Y
SRR1800148,FGSC_323,SAMN02822036,PRJNA249814,SRR1800148_1.fastq.gz,SRR1800148_2.fastq.gz,Y
SRR1798549,FGSC_25005,SAMN02822348,PRJNA251300,SRR1798549_1.fastq.gz,SRR1798549_2.fastq.gz,Y
SRR4069220,FGSC_5831,SAMN02910439,PRJNA249109,SRR4069220_1.fastq.gz,SRR4069220_2.fastq.gz,Y
SRR1799268,FGSC_2435,SAMN02821642,PRJNA250853,SRR1799268_1.fastq.gz,SRR1799268_2.fastq.gz,Y
SRR1587457,FGSC_4335,SAMN02821889,PRJNA249947,SRR1587457_1.fastq.gz,SRR1587457_2.fastq.gz,Y
SRR1587456,FGSC_4230,SAMN02822219,PRJNA249940,SRR1587456_1.fastq.gz,SRR1587456_2.fastq.gz,Y
SRR4069262,FGSC_8344,SAMN02910380,PRJNA249196,SRR4069262_1.fastq.gz,SRR4069262_2.fastq.gz,Y
SRR1799271,FGSC_3007,SAMN02822060,PRJNA250848,SRR1799271_1.fastq.gz,SRR1799271_2.fastq.gz,Y
SRR3491008,FGSC_9414,SAMN02821862,PRJNA250936,SRR3491008_1.fastq.gz,NONE,N
SRR1798309,FGSC_1401,SAMN02822325,PRJNA251189,SRR1798309_1.fastq.gz,SRR1798309_2.fastq.gz,Y
SRR3491017,FGSC_9433,SAMN02822067,PRJNA250955,SRR3491017_1.fastq.gz,NONE,N
SRR3490962,FGSC_6017,SAMN02821672,PRJNA250898,SRR3490962_1.fastq.gz,NONE,N
SRR1800152,FGSC_57,SAMN02821735,PRJNA249813,SRR1800152_1.fastq.gz,SRR1800152_2.fastq.gz,Y
SRR1798026,FGSC_7330,SAMN02910442,PRJNA250779,SRR1798026_1.fastq.gz,SRR1798026_2.fastq.gz,Y
SRR4143348,FGSC_4333_dgr(BEX6),SAMN03159462,PRJNA265610,SRR4143348_1.fastq.gz,SRR4143348_2.fastq.gz,Y
SRR1799242,FGSC_1516,SAMN02821852,PRJNA250780,SRR1799242_1.fastq.gz,SRR1799242_2.fastq.gz,Y
SRR1798214,FGSC_57,SAMN02946561,PRJNA256714,SRR1798214_1.fastq.gz,SRR1798214_2.fastq.gz,Y
SRR4143352,FGSC_10770_os-1_nic-1,SAMN03159287,PRJNA265501,SRR4143352_1.fastq.gz,SRR4143352_2.fastq.gz,Y
SRR1587463,FGSC_7513,SAMN02821920,PRJNA249956,SRR1587463_1.fastq.gz,SRR1587463_2.fastq.gz,Y
SRR1800240,FGSC_4186,SAMN02821548,PRJNA250048,SRR1800240_1.fastq.gz,SRR1800240_2.fastq.gz,Y
SRR1798385,FGSC_3778,SAMN02821651,PRJNA251258,SRR1798385_1.fastq.gz,SRR1798385_2.fastq.gz,Y
SRR1798424,FGSC_4309,SAMN02822393,PRJNA251245,SRR1798424_1.fastq.gz,SRR1798424_2.fastq.gz,Y
SRR1797591,FGSC_#4908,SAMN02822386,PRJNA251296,SRR1797591_1.fastq.gz,SRR1797591_2.fastq.gz,Y
SRR4063861,FGSC_2225,SAMN02910300,PRJNA250322,SRR4063861_1.fastq.gz,SRR4063861_2.fastq.gz,Y
SRR1798431,FGSC_4313,SAMN02821446,PRJNA251248,SRR1798431_1.fastq.gz,SRR1798431_2.fastq.gz,Y
SRR1587487,FGSC_9444,SAMN02821709,PRJNA250040,SRR1587487_1.fastq.gz,SRR1587487_2.fastq.gz,Y
SRR1798560,FGSC_25010,SAMN02822111,PRJNA251307,SRR1798560_1.fastq.gz,SRR1798560_2.fastq.gz,Y
SRR1798310,FGSC_1434,SAMN02821616,PRJNA251196,SRR1798310_1.fastq.gz,SRR1798310_2.fastq.gz,Y
SRR1798405,FGSC_4295,SAMN02821790,PRJNA251207,SRR1798405_1.fastq.gz,SRR1798405_2.fastq.gz,Y
SRR1799231,FGSC_670,SAMN02821464,PRJNA250896,SRR1799231_1.fastq.gz,SRR1799231_2.fastq.gz,Y
SRR4025934,FGSC_2261,SAMN05518882,PRJNA337124,SRR4025934_1.fastq.gz,SRR4025934_2.fastq.gz,Y
SRR1797931,FGSC_2069,SAMN02910254,PRJNA250660,SRR1797931_1.fastq.gz,SRR1797931_2.fastq.gz,Y
SRR1587941,FGSC_3304,SAMN02821950,PRJNA249861,SRR1587941_1.fastq.gz,SRR1587941_2.fastq.gz,Y
SRR1587441,FGSC_3896,SAMN02821844,PRJNA249867,SRR1587441_1.fastq.gz,SRR1587441_2.fastq.gz,Y
SRR1798000,FGSC_4063,SAMN02910378,PRJNA250773,SRR1798000_1.fastq.gz,SRR1798000_2.fastq.gz,Y
SRR1800268,FGSC_5785,SAMN02822329,PRJNA250142,SRR1800268_1.fastq.gz,SRR1800268_2.fastq.gz,Y
SRR4063838,FGSC_252,SAMN02910403,PRJNA250326,SRR4063838_1.fastq.gz,SRR4063838_2.fastq.gz,Y
SRR1799252,FGSC_1588,SAMN02821460,PRJNA250790,SRR1799252_1.fastq.gz,SRR1799252_2.fastq.gz,Y
SRR1800170,FGSC_2256,SAMN02822218,PRJNA249888,SRR1800170_1.fastq.gz,SRR1800170_2.fastq.gz,Y
SRR1587940,FGSC_3270,SAMN02822208,PRJNA249845,SRR1587940_1.fastq.gz,SRR1587940_2.fastq.gz,Y
SRR3491012,FGSC_9375,SAMN02821512,PRJNA250929,SRR3491012_1.fastq.gz,NONE,N
SRR1798223,FGSC_104,SAMN02821638,PRJNA251082,SRR1798223_1.fastq.gz,SRR1798223_2.fastq.gz,Y
SRR4025975,FGSC_3921,SAMN05518959,PRJNA337490,SRR4025975_1.fastq.gz,SRR4025975_2.fastq.gz,Y
SRR4025976,FGSC_3921,SAMN05518959,PRJNA337490,SRR4025976_1.fastq.gz,SRR4025976_2.fastq.gz,Y
SRR4025937,FGSC_106,SAMN05518881,PRJNA337122,SRR4025937_1.fastq.gz,SRR4025937_2.fastq.gz,Y
SRR4142838,FGSC_1646_mo(NM220),SAMN03159323,PRJNA265513,SRR4142838_1.fastq.gz,SRR4142838_2.fastq.gz,Y
SRR1800246,FGSC_4223,SAMN02822008,PRJNA250063,SRR1800246_1.fastq.gz,SRR1800246_2.fastq.gz,Y
SRR4069231,FGSC_6448,SAMN02910279,PRJNA249121,SRR4069231_1.fastq.gz,SRR4069231_2.fastq.gz,Y
SRR1798230,FGSC_419,SAMN02821727,PRJNA251131,SRR1798230_1.fastq.gz,SRR1798230_2.fastq.gz,Y
SRR4069261,FGSC_6449,SAMN02910352,PRJNA249112,SRR4069261_1.fastq.gz,SRR4069261_2.fastq.gz,Y
SRR1800156,FGSC_2327,SAMN02822206,PRJNA249826,SRR1800156_1.fastq.gz,SRR1800156_2.fastq.gz,Y
SRR1800245,FGSC_4200,SAMN02822233,PRJNA250062,SRR1800245_1.fastq.gz,SRR1800245_2.fastq.gz,Y
SRR4025953,FGSC_309,SAMN05518921,PRJNA337126,SRR4025953_1.fastq.gz,SRR4025953_2.fastq.gz,Y
SRR1800221,FGSC_3643,SAMN02821497,PRJNA249982,SRR1800221_1.fastq.gz,SRR1800221_2.fastq.gz,Y
SRR1798240,FGSC_1056,SAMN02821906,PRJNA251129,SRR1798240_1.fastq.gz,SRR1798240_2.fastq.gz,Y
SRR1587840,FGSC_1630,SAMN02821809,PRJNA249740,SRR1587840_1.fastq.gz,SRR1587840_2.fastq.gz,Y
SRR1798059,FGSC_10607,SAMN02910253,PRJNA250815,SRR1798059_1.fastq.gz,SRR1798059_2.fastq.gz,Y
SRR1798416,FGSC_4304,SAMN02821653,PRJNA251212,SRR1798416_1.fastq.gz,SRR1798416_2.fastq.gz,Y
SRR4063854,FGSC_2219,SAMN02910299,PRJNA250321,SRR4063854_1.fastq.gz,SRR4063854_2.fastq.gz,Y
SRR1587849,FGSC_2197,SAMN02822013,PRJNA249791,SRR1587849_1.fastq.gz,SRR1587849_2.fastq.gz,Y
SRR4143342,FGSC_10327_N._crassa,SAMN03159394,PRJNA265503,SRR4143342_1.fastq.gz,SRR4143342_2.fastq.gz,Y
SRR4151237,FGSC_1671_mo(36703-4-20),SAMN03159310,PRJNA265609,SRR4151237_1.fastq.gz,SRR4151237_2.fastq.gz,Y
SRR1797942,FGSC_2686,SAMN02910363,PRJNA250700,SRR1797942_1.fastq.gz,SRR1797942_2.fastq.gz,Y
SRR1587453,FGSC_4219,SAMN02822308,PRJNA249941,SRR1587453_1.fastq.gz,SRR1587453_2.fastq.gz,Y
SRR1798394,FGSC_3779,SAMN02821440,PRJNA251200,SRR1798394_1.fastq.gz,SRR1798394_2.fastq.gz,Y
SRR4069224,FGSC_6443,SAMN02910351,PRJNA249106,SRR4069224_1.fastq.gz,SRR4069224_2.fastq.gz,Y
SRR1797993,FGSC_3825,SAMN02910311,PRJNA250752,SRR1797993_1.fastq.gz,SRR1797993_2.fastq.gz,Y
SRR1798243,FGSC_1169,SAMN02822402,PRJNA251141,SRR1798243_1.fastq.gz,SRR1798243_2.fastq.gz,Y
SRR4064273,FGSC_4294,SAMN02910321,PRJNA249108,SRR4064273_1.fastq.gz,SRR4064273_2.fastq.gz,Y
SRR1800144,FGSC_13,SAMN02822193,PRJNA249809,SRR1800144_1.fastq.gz,SRR1800144_2.fastq.gz,Y
SRR1798516,FGSC_20000,SAMN02822351,PRJNA251259,SRR1798516_1.fastq.gz,SRR1798516_2.fastq.gz,Y
SRR4069232,FGSC_6454,SAMN02910408,PRJNA249200,SRR4069232_1.fastq.gz,SRR4069232_2.fastq.gz,Y
SRR1587472,FGSC_7523,SAMN02822189,PRJNA249958,SRR1587472_1.fastq.gz,SRR1587472_2.fastq.gz,Y
SRR1587468,FGSC_7519,SAMN02822215,PRJNA249960,SRR1587468_1.fastq.gz,SRR1587468_2.fastq.gz,Y
SRR1798370,FGSC_1515,SAMN02946525,PRJNA256718,SRR1798370_1.fastq.gz,SRR1798370_2.fastq.gz,Y
SRR1587791,FGSC_10,SAMN02822170,PRJNA249716,SRR1587791_1.fastq.gz,SRR1587791_2.fastq.gz,Y
SRR1798252,FGSC_1367,SAMN02946260,PRJNA256713,SRR1798252_1.fastq.gz,SRR1798252_2.fastq.gz,Y
SRR4025973,FGSC_821,SAMN05519135,PRJNA337455,SRR4025973_1.fastq.gz,SRR4025973_2.fastq.gz,Y
SRR4025974,FGSC_821,SAMN05519135,PRJNA337455,SRR4025974_1.fastq.gz,SRR4025974_2.fastq.gz,Y
SRR1587461,FGSC_7290,SAMN02821501,PRJNA249961,SRR1587461_1.fastq.gz,SRR1587461_2.fastq.gz,Y
SRR1797907,FGSC_1004,SAMN02910392,PRJNA250650,SRR1797907_1.fastq.gz,SRR1797907_2.fastq.gz,Y
SRR1799240,FGSC_1329,SAMN02821455,PRJNA250775,SRR1799240_1.fastq.gz,SRR1799240_2.fastq.gz,Y
SRR4143351,FGSC_7528_pen(JL261),SAMN03159411,PRJNA265623,SRR4143351_1.fastq.gz,SRR4143351_2.fastq.gz,Y
SRR1587454,FGSC_4228,SAMN02821493,PRJNA249939,SRR1587454_1.fastq.gz,SRR1587454_2.fastq.gz,Y
SRR1799235,FGSC_1233,SAMN02821722,PRJNA250733,SRR1799235_1.fastq.gz,SRR1799235_2.fastq.gz,Y
SRR1798020,FGSC_1010,SAMN02910445,PRJNA250653,SRR1798020_1.fastq.gz,SRR1798020_2.fastq.gz,Y
SRR1799244,FGSC_1580,SAMN02822357,PRJNA250789,SRR1799244_1.fastq.gz,SRR1799244_2.fastq.gz,Y
SRR1800250,FGSC_4296,SAMN02821717,PRJNA250140,SRR1800250_1.fastq.gz,SRR1800250_2.fastq.gz,Y
SRR1798283,FGSC_1394,SAMN02821796,PRJNA251190,SRR1798283_1.fastq.gz,SRR1798283_2.fastq.gz,Y
SRR1587445,FGSC_4102,SAMN02821850,PRJNA249879,SRR1587445_1.fastq.gz,SRR1587445_2.fastq.gz,Y
SRR4143335,FGSC_4332_dgr(BEX5),SAMN03159456,PRJNA265611,SRR4143335_1.fastq.gz,SRR4143335_2.fastq.gz,Y
SRR1797943,FGSC_3006,SAMN02910255,PRJNA250703,SRR1797943_1.fastq.gz,SRR1797943_2.fastq.gz,Y
SRR4143332,FGSC_10325_grape_(26-11),SAMN03159452,PRJNA265494,SRR4143332_1.fastq.gz,SRR4143332_2.fastq.gz,Y
SRR3490980,FGSC_7199,SAMN02821934,PRJNA250895,SRR3490980_1.fastq.gz,NONE,N
SRR1798281,FGSC_1382,SAMN02821935,PRJNA251197,SRR1798281_1.fastq.gz,SRR1798281_2.fastq.gz,Y
SRR4069255,FGSC_6453,SAMN02910268,PRJNA249194,SRR4069255_1.fastq.gz,SRR4069255_2.fastq.gz,Y
SRR4143331,FGSC_10324_grape_(10-17),SAMN03159322,PRJNA265495,SRR4143331_1.fastq.gz,SRR4143331_2.fastq.gz,Y
SRR1587857,FGSC_2323,SAMN02821410,PRJNA249798,SRR1587857_1.fastq.gz,SRR1587857_2.fastq.gz,Y
SRR1587950,FGSC_3559,SAMN02821857,PRJNA249863,SRR1587950_1.fastq.gz,SRR1587950_2.fastq.gz,Y
SRR1800155,FGSC_3907,SAMN02822162,PRJNA249824,SRR1800155_1.fastq.gz,SRR1800155_2.fastq.gz,Y
SRR1798024,FGSC_1034,SAMN02910282,PRJNA250642,SRR1798024_1.fastq.gz,SRR1798024_2.fastq.gz,Y
SRR1798375,FGSC_3775,SAMN02821803,PRJNA251246,SRR1798375_1.fastq.gz,SRR1798375_2.fastq.gz,Y
SRR1799417,FGSC_1729,SAMN02822359,PRJNA250835,SRR1799417_1.fastq.gz,SRR1799417_2.fastq.gz,Y
SRR1798007,FGSC_4761,SAMN02910381,PRJNA250755,SRR1798007_1.fastq.gz,SRR1798007_2.fastq.gz,Y
SRR1798051,FGSC_8285,SAMN02910420,PRJNA250810,SRR1798051_1.fastq.gz,SRR1798051_2.fastq.gz,Y
SRR4143337,FGSC_4331_dgr(BEX5),SAMN03159378,PRJNA265594,SRR4143337_1.fastq.gz,SRR4143337_2.fastq.gz,Y
SRR1800248,FGSC_4279,SAMN02821430,PRJNA250060,SRR1800248_1.fastq.gz,SRR1800248_2.fastq.gz,Y
SRR1800186,FGSC_3093,SAMN02821596,PRJNA249899,SRR1800186_1.fastq.gz,SRR1800186_2.fastq.gz,Y
SRR1797922,FGSC_1036,SAMN02910307,PRJNA250643,SRR1797922_1.fastq.gz,SRR1797922_2.fastq.gz,Y
SRR1800216,FGSC_3639,SAMN02946261,PRJNA256759,SRR1800216_1.fastq.gz,SRR1800216_2.fastq.gz,Y
SRR1587451,FGSC_4217,SAMN02822181,PRJNA249948,SRR1587451_1.fastq.gz,SRR1587451_2.fastq.gz,Y
SRR1798440,FGSC_6946,SAMN02821649,PRJNA251261,SRR1798440_1.fastq.gz,SRR1798440_2.fastq.gz,Y
SRR1798368,FGSC_1432,SAMN02822323,PRJNA251188,SRR1798368_1.fastq.gz,SRR1798368_2.fastq.gz,Y
SRR1587469,FGSC_7520,SAMN02822056,PRJNA249966,SRR1587469_1.fastq.gz,SRR1587469_2.fastq.gz,Y
SRR4069223,FGSC_7299,SAMN02910345,PRJNA249187,SRR4069223_1.fastq.gz,SRR4069223_2.fastq.gz,Y
SRR1799247,FGSC_1583,SAMN02821457,PRJNA250785,SRR1799247_1.fastq.gz,SRR1799247_2.fastq.gz,Y
SRR1800181,FGSC_2733,SAMN02821878,PRJNA249886,SRR1800181_1.fastq.gz,SRR1800181_2.fastq.gz,Y
SRR3491983,FGSC_10602,SAMN02821634,PRJNA250722,SRR3491983_1.fastq.gz,NONE,N
SRR1800236,FGSC_4182,SAMN02821543,PRJNA250059,SRR1800236_1.fastq.gz,SRR1800236_2.fastq.gz,Y
SRR1587844,FGSC_1665,SAMN02821853,PRJNA249733,SRR1587844_1.fastq.gz,SRR1587844_2.fastq.gz,Y
SRR1587866,FGSC_2692,SAMN02821910,PRJNA249799,SRR1587866_1.fastq.gz,SRR1587866_2.fastq.gz,Y
SRR1797884,FGSC_58,SAMN02910281,PRJNA250609,SRR1797884_1.fastq.gz,SRR1797884_2.fastq.gz,Y
SRR4142841,FGSC_1635_mo(M193-1),SAMN03159292,PRJNA265519,SRR4142841_1.fastq.gz,SRR4142841_2.fastq.gz,Y
SRR1800277,FGSC_13496,SAMN02821776,PRJNA250220,SRR1800277_1.fastq.gz,SRR1800277_2.fastq.gz,Y
SRR1800244,FGSC_4185,SAMN02821427,PRJNA250050,SRR1800244_1.fastq.gz,SRR1800244_2.fastq.gz,Y
SRR1587867,FGSC_2693,SAMN02821444,PRJNA249796,SRR1587867_1.fastq.gz,SRR1587867_2.fastq.gz,Y
SRR4142852,FGSC_1663_mo(B107),SAMN03159450,PRJNA265589,SRR4142852_1.fastq.gz,SRR4142852_2.fastq.gz,Y
SRR4142849,FGSC_1651_mo(NM219),SAMN03159498,PRJNA265572,SRR4142849_1.fastq.gz,SRR4142849_2.fastq.gz,Y
SRR1800257,FGSC_4595,SAMN02822331,PRJNA250123,SRR1800257_1.fastq.gz,SRR1800257_2.fastq.gz,Y
SRR1587859,FGSC_2384,SAMN02821821,PRJNA249797,SRR1587859_1.fastq.gz,SRR1587859_2.fastq.gz,Y
SRR1800278,FGSC_13497,SAMN02821591,PRJNA250221,SRR1800278_1.fastq.gz,SRR1800278_2.fastq.gz,Y
SRR1587458,FGSC_4336,SAMN02821895,PRJNA249945,SRR1587458_1.fastq.gz,SRR1587458_2.fastq.gz,Y
SRR1587946,FGSC_3443,SAMN02821955,PRJNA249848,SRR1587946_1.fastq.gz,SRR1587946_2.fastq.gz,Y
SRR1797940,FGSC_2376,SAMN02910425,PRJNA250708,SRR1797940_1.fastq.gz,SRR1797940_2.fastq.gz,Y
SRR1797930,FGSC_2173,SAMN02910444,PRJNA250661,SRR1797930_1.fastq.gz,SRR1797930_2.fastq.gz,Y
SRR1798023,FGSC_7328,SAMN02910252,PRJNA250772,SRR1798023_1.fastq.gz,SRR1798023_2.fastq.gz,Y
SRR1800258,FGSC_4181,SAMN02821929,PRJNA250058,SRR1800258_1.fastq.gz,SRR1800258_2.fastq.gz,Y
SRR1800265,FGSC_4601,SAMN02821713,PRJNA250136,SRR1800265_1.fastq.gz,SRR1800265_2.fastq.gz,Y
SRR1797928,FGSC_1735,SAMN02910308,PRJNA250662,SRR1797928_1.fastq.gz,SRR1797928_2.fastq.gz,Y
SRR1587474,FGSC_7526,SAMN02821962,PRJNA249949,SRR1587474_1.fastq.gz,SRR1587474_2.fastq.gz,Y
SRR1800217,FGSC_3641,SAMN02821742,PRJNA249981,SRR1800217_1.fastq.gz,SRR1800217_2.fastq.gz,Y
SRR1587938,FGSC_3238,SAMN02821839,PRJNA249804,SRR1587938_1.fastq.gz,SRR1587938_2.fastq.gz,Y
SRR1798232,FGSC_502,SAMN02821605,PRJNA251133,SRR1798232_1.fastq.gz,SRR1798232_2.fastq.gz,Y
SRR1799222,FGSC_352,SAMN02822358,PRJNA250887,SRR1799222_1.fastq.gz,SRR1799222_2.fastq.gz,Y
SRR1799237,FGSC_1235,SAMN02821526,PRJNA250748,SRR1799237_1.fastq.gz,SRR1799237_2.fastq.gz,Y
SRR4069228,FGSC_4069,SAMN02910319,PRJNA249102,SRR4069228_1.fastq.gz,SRR4069228_2.fastq.gz,Y
SRR1587479,FGSC_7782,SAMN02822211,PRJNA250022,SRR1587479_1.fastq.gz,SRR1587479_2.fastq.gz,Y
SRR1800239,FGSC_4184,SAMN02822172,PRJNA250064,SRR1800239_1.fastq.gz,SRR1800239_2.fastq.gz,Y
SRR4142835,FGSC_1668_mo(D318),SAMN03159301,PRJNA265588,SRR4142835_1.fastq.gz,SRR4142835_2.fastq.gz,Y
SRR1587459,FGSC_5181,SAMN02821891,PRJNA249944,SRR1587459_1.fastq.gz,SRR1587459_2.fastq.gz,Y
SRR1797925,FGSC_1632,SAMN02910330,PRJNA250649,SRR1797925_1.fastq.gz,SRR1797925_2.fastq.gz,Y
SRR1800274,FGSC_11397,SAMN02821584,PRJNA250147,SRR1800274_1.fastq.gz,SRR1800274_2.fastq.gz,Y
SRR4143330,FGSC_4325_dgr(BE52),SAMN03159482,PRJNA265605,SRR4143330_1.fastq.gz,SRR4143330_2.fastq.gz,Y
SRR3491011,FGSC_9367,SAMN02822276,PRJNA250933,SRR3491011_1.fastq.gz,NONE,N
SRR4061909,FGSC_25004,SAMN02821546,PRJNA251303,SRR4061909_1.fastq.gz,SRR4061909_2.fastq.gz,Y
SRR1799218,FGSC_45,SAMN02821855,PRJNA250893,SRR1799218_1.fastq.gz,SRR1799218_2.fastq.gz,Y
SRR1798025,FGSC_1017,SAMN02910361,PRJNA250640,SRR1798025_1.fastq.gz,SRR1798025_2.fastq.gz,Y
SRR1797988,FGSC_3474,SAMN02910335,PRJNA250713,SRR1797988_1.fastq.gz,SRR1797988_2.fastq.gz,Y
SRR1798058,FGSC_10606,SAMN02910422,PRJNA250812,SRR1798058_1.fastq.gz,SRR1798058_2.fastq.gz,Y
SRR1797923,FGSC_1328,SAMN02910513,PRJNA250645,SRR1797923_1.fastq.gz,SRR1797923_2.fastq.gz,Y
SRR4063837,FGSC_105,SAMN02910273,PRJNA250315,SRR4063837_1.fastq.gz,SRR4063837_2.fastq.gz,Y
SRR1798417,FGSC_4305,SAMN02822401,PRJNA251211,SRR1798417_1.fastq.gz,SRR1798417_2.fastq.gz,Y
SRR4025949,FGSC_3831,SAMN05519028,PRJNA337491,SRR4025949_1.fastq.gz,NONE,N
SRR1799253,FGSC_1589,SAMN02822253,PRJNA250791,SRR1799253_1.fastq.gz,SRR1799253_2.fastq.gz,Y
SRR1800280,FGSC_17921,SAMN02821589,PRJNA250225,SRR1800280_1.fastq.gz,SRR1800280_2.fastq.gz,Y
SRR1800218,FGSC_3642,SAMN02821666,PRJNA249980,SRR1800218_1.fastq.gz,SRR1800218_2.fastq.gz,Y
SRR1587447,FGSC_4211,SAMN02821411,PRJNA249883,SRR1587447_1.fastq.gz,SRR1587447_2.fastq.gz,Y
SRR1799264,FGSC_1597,SAMN02822284,PRJNA250794,SRR1799264_1.fastq.gz,SRR1799264_2.fastq.gz,Y
SRR3491009,FGSC_9382,SAMN02822298,PRJNA250947,SRR3491009_1.fastq.gz,NONE,N
SRR1799415,FGSC_1598,SAMN02822274,PRJNA250829,SRR1799415_1.fastq.gz,SRR1799415_2.fastq.gz,Y
SRR4143333,FGSC_10323_grape_(25-2),SAMN03159486,PRJNA265496,SRR4143333_1.fastq.gz,SRR4143333_2.fastq.gz,Y
SRR1800235,FGSC_4180,SAMN02822001,PRJNA250052,SRR1800235_1.fastq.gz,SRR1800235_2.fastq.gz,Y
SRR1797905,FGSC_861,SAMN02910423,PRJNA250648,SRR1797905_1.fastq.gz,SRR1797905_2.fastq.gz,Y
SRR1800255,FGSC_4593,SAMN02821597,PRJNA250141,SRR1800255_1.fastq.gz,SRR1800255_2.fastq.gz,Y
SRR1587442,FGSC_4041,SAMN02822209,PRJNA249862,SRR1587442_1.fastq.gz,SRR1587442_2.fastq.gz,Y
SRR1798236,FGSC_746,SAMN02821652,PRJNA251140,SRR1798236_1.fastq.gz,SRR1798236_2.fastq.gz,Y
SRR1797933,FGSC_2177,SAMN02910424,PRJNA250701,SRR1797933_1.fastq.gz,SRR1797933_2.fastq.gz,Y
SRR3490933,FGSC_3320,SAMN02822285,PRJNA250881,SRR3490933_1.fastq.gz,NONE,N
SRR1800269,FGSC_4602,SAMN02821434,PRJNA250145,SRR1800269_1.fastq.gz,SRR1800269_2.fastq.gz,Y
SRR1800165,FGSC_1515,SAMN02822049,PRJNA249878,SRR1800165_1.fastq.gz,SRR1800165_2.fastq.gz,Y
SRR4143344,FGSC_4329_dgr(L5),SAMN03159377,PRJNA265596,SRR4143344_1.fastq.gz,SRR4143344_2.fastq.gz,Y
SRR1800188,FGSC_3236,SAMN02821632,PRJNA249898,SRR1800188_1.fastq.gz,SRR1800188_2.fastq.gz,Y
SRR4142843,FGSC_1660_mo(D314),SAMN03159432,PRJNA265592,SRR4142843_1.fastq.gz,SRR4142843_2.fastq.gz,Y
SRR1587860,FGSC_2389,SAMN02946459,PRJNA256744,SRR1587860_1.fastq.gz,SRR1587860_2.fastq.gz,Y
SRR1798433,FGSC_4314,SAMN02821800,PRJNA251252,SRR1798433_1.fastq.gz,SRR1798433_2.fastq.gz,Y
SRR1798553,FGSC_25006,SAMN02821553,PRJNA251301,SRR1798553_1.fastq.gz,SRR1798553_2.fastq.gz,Y
SRR1798409,FGSC_4297,SAMN02821442,PRJNA251214,SRR1798409_1.fastq.gz,SRR1798409_2.fastq.gz,Y
SRR1587835,FGSC_1530,SAMN02821610,PRJNA249736,SRR1587835_1.fastq.gz,SRR1587835_2.fastq.gz,Y
SRR1800185,FGSC_2999,SAMN02822216,PRJNA249891,SRR1800185_1.fastq.gz,SRR1800185_2.fastq.gz,Y
SRR1798210,FGSC_13,SAMN02946259,PRJNA256715,SRR1798210_1.fastq.gz,SRR1798210_2.fastq.gz,Y
SRR1800230,FGSC_3904,SAMN02822320,PRJNA250047,SRR1800230_1.fastq.gz,SRR1800230_2.fastq.gz,Y
SRR4025944,FGSC_3246,SAMN05519213,PRJNA337448,SRR4025944_1.fastq.gz,SRR4025944_2.fastq.gz,Y
SRR4025945,FGSC_3246,SAMN05519213,PRJNA337448,SRR4025945_1.fastq.gz,SRR4025945_2.fastq.gz,Y
SRR1800254,FGSC_4592,SAMN02821965,PRJNA250135,SRR1800254_1.fastq.gz,SRR1800254_2.fastq.gz,Y
SRR4151075,FGSC_1643_col(P2615),SAMN03159471,PRJNA265515,SRR4151075_1.fastq.gz,SRR4151075_2.fastq.gz,Y
SRR4069226,FGSC_4604,SAMN02910267,PRJNA249103,SRR4069226_1.fastq.gz,SRR4069226_2.fastq.gz,Y
SRR4143338,FGSC_10329_Potassium_retention,SAMN03159404,PRJNA265502,SRR4143338_1.fastq.gz,SRR4143338_2.fastq.gz,Y
SRR1798242,FGSC_993,SAMN02821896,PRJNA251132,SRR1798242_1.fastq.gz,SRR1798242_2.fastq.gz,Y
SRR1798282,FGSC_1384,SAMN02822378,PRJNA251183,SRR1798282_1.fastq.gz,SRR1798282_2.fastq.gz,Y
SRR1798514,FGSC_10989,SAMN02821640,PRJNA251260,SRR1798514_1.fastq.gz,SRR1798514_2.fastq.gz,Y
SRR1797900,FGSC_854,SAMN02910428,PRJNA250608,SRR1797900_1.fastq.gz,SRR1797900_2.fastq.gz,Y
SRR1587830,FGSC_1224,SAMN02821808,PRJNA249728,SRR1587830_1.fastq.gz,SRR1587830_2.fastq.gz,Y
SRR1799416,FGSC_1631,SAMN02822363,PRJNA250837,SRR1799416_1.fastq.gz,SRR1799416_2.fastq.gz,Y
SRR1797937,FGSC_2344,SAMN02910331,PRJNA250706,SRR1797937_1.fastq.gz,SRR1797937_2.fastq.gz,Y
SRR1800161,FGSC_1163,SAMN02821881,PRJNA249873,SRR1800161_1.fastq.gz,SRR1800161_2.fastq.gz,Y
SRR1800282,FGSC_17966,SAMN02821779,PRJNA250226,SRR1800282_1.fastq.gz,SRR1800282_2.fastq.gz,Y
SRR3490982,FGSC_8199,SAMN02822300,PRJNA250926,SRR3490982_1.fastq.gz,NONE,N
SRR1800242,FGSC_4189,SAMN02821743,PRJNA250055,SRR1800242_1.fastq.gz,SRR1800242_2.fastq.gz,Y
SRR1587795,FGSC_137,SAMN02821847,PRJNA249735,SRR1587795_1.fastq.gz,SRR1587795_2.fastq.gz,Y
SRR1587470,FGSC_7521,SAMN02822187,PRJNA249957,SRR1587470_1.fastq.gz,SRR1587470_2.fastq.gz,Y
SRR1797901,FGSC_859,SAMN02910270,PRJNA250639,SRR1797901_1.fastq.gz,SRR1797901_2.fastq.gz,Y
SRR1800175,FGSC_2542,SAMN02822174,PRJNA249881,SRR1800175_1.fastq.gz,SRR1800175_2.fastq.gz,Y
SRR1798057,FGSC_8971,SAMN02910389,PRJNA250817,SRR1798057_1.fastq.gz,SRR1798057_2.fastq.gz,Y
SRR1587450,FGSC_4215,SAMN02821459,PRJNA249877,SRR1587450_1.fastq.gz,SRR1587450_2.fastq.gz,Y
SRR1797989,FGSC_3509,SAMN02910365,PRJNA250711,SRR1797989_1.fastq.gz,SRR1797989_2.fastq.gz,Y
SRR1797903,FGSC_856,SAMN02910396,PRJNA250613,SRR1797903_1.fastq.gz,SRR1797903_2.fastq.gz,Y
SRR1797936,FGSC_2341,SAMN02910310,PRJNA250705,SRR1797936_1.fastq.gz,SRR1797936_2.fastq.gz,Y
SRR1587471,FGSC_7522,SAMN02822314,PRJNA249959,SRR1587471_1.fastq.gz,SRR1587471_2.fastq.gz,Y
SRR1587480,FGSC_7783,SAMN02821385,PRJNA250035,SRR1587480_1.fastq.gz,SRR1587480_2.fastq.gz,Y
SRR4434478,FGSC_1585,SAMN05920773,PRJNA346386,SRR4434478_1.fastq.gz,SRR4434478_2.fastq.gz,Y
SRR1587957,FGSC_3650,SAMN02822051,PRJNA249871,SRR1587957_1.fastq.gz,SRR1587957_2.fastq.gz,Y
SRR1798054,FGSC_8372,SAMN02946341,PRJNA250813,SRR1798054_1.fastq.gz,SRR1798054_2.fastq.gz,Y
SRR1587856,FGSC_2320,SAMN02821913,PRJNA249795,SRR1587856_1.fastq.gz,SRR1587856_2.fastq.gz,Y
SRR4142854,FGSC_1674_mo(P1718),SAMN03159415,PRJNA265607,SRR4142854_1.fastq.gz,SRR4142854_2.fastq.gz,Y
SRR4142845,FGSC_1641_mo(P1417),SAMN03159470,PRJNA265516,SRR4142845_1.fastq.gz,SRR4142845_2.fastq.gz,Y
SRR1797990,FGSC_3510,SAMN02910257,PRJNA250715,SRR1797990_1.fastq.gz,SRR1797990_2.fastq.gz,Y
SRR4069227,FGSC_4606,SAMN02910374,PRJNA249107,SRR4069227_1.fastq.gz,SRR4069227_2.fastq.gz,Y
SRR1799266,FGSC_2282,SAMN02822273,PRJNA250850,SRR1799266_1.fastq.gz,SRR1799266_2.fastq.gz,Y
SRR1798421,FGSC_4310,SAMN03003355,PRJNA259092,SRR1798421_1.fastq.gz,SRR1798421_2.fastq.gz,Y
SRR1587854,FGSC_2319,SAMN02821733,PRJNA249801,SRR1587854_1.fastq.gz,SRR1587854_2.fastq.gz,Y
SRR4069233,FGSC_3122,SAMN02910373,PRJNA249105,SRR4069233_1.fastq.gz,SRR4069233_2.fastq.gz,Y
SRR1799223,FGSC_353,SAMN02821466,PRJNA250903,SRR1799223_1.fastq.gz,SRR1799223_2.fastq.gz,Y
SRR3490979,FGSC_4902,SAMN02822271,PRJNA250897,SRR3490979_1.fastq.gz,NONE,N
SRR4025961,FGSC_3114,SAMN05517978,PRJNA337445,SRR4025961_1.fastq.gz,SRR4025961_2.fastq.gz,Y
SRR4025962,FGSC_3114,SAMN05517978,PRJNA337445,SRR4025962_1.fastq.gz,SRR4025962_2.fastq.gz,Y
SRR1587478,FGSC_7530,SAMN02821378,PRJNA250029,SRR1587478_1.fastq.gz,SRR1587478_2.fastq.gz,Y
SRR4025966,FGSC_7035,SAMN05519216,PRJNA337446,SRR4025966_1.fastq.gz,SRR4025966_2.fastq.gz,Y
SRR4025967,FGSC_7035,SAMN05519216,PRJNA337446,SRR4025967_1.fastq.gz,SRR4025967_2.fastq.gz,Y
SRR4025968,FGSC_7035,SAMN05519216,PRJNA337446,SRR4025968_1.fastq.gz,SRR4025968_2.fastq.gz,Y
SRR4025969,FGSC_7035,SAMN05519216,PRJNA337446,SRR4025969_1.fastq.gz,SRR4025969_2.fastq.gz,Y
SRR1587872,FGSC_2762,SAMN02821912,PRJNA249789,SRR1587872_1.fastq.gz,SRR1587872_2.fastq.gz,Y
SRR1587828,FGSC_1113,SAMN02822168,PRJNA249727,SRR1587828_1.fastq.gz,SRR1587828_2.fastq.gz,Y
SRR1587870,FGSC_2734,SAMN02822156,PRJNA249788,SRR1587870_1.fastq.gz,SRR1587870_2.fastq.gz,Y
SRR1797995,FGSC_3877,SAMN02910312,PRJNA250754,SRR1797995_1.fastq.gz,SRR1797995_2.fastq.gz,Y
SRR1800162,FGSC_1367,SAMN02821886,PRJNA249872,SRR1800162_1.fastq.gz,SRR1800162_2.fastq.gz,Y
SRR1798377,FGSC_3768,SAMN02821782,PRJNA251203,SRR1798377_1.fastq.gz,SRR1798377_2.fastq.gz,Y
SRR1797986,FGSC_3425,SAMN02910379,PRJNA250707,SRR1797986_1.fastq.gz,SRR1797986_2.fastq.gz,Y
SRR1798008,FGSC_5785,SAMN02910286,PRJNA250763,SRR1798008_1.fastq.gz,SRR1798008_2.fastq.gz,Y
SRR1797596,FGSC_#107,SAMN02822106,PRJNA251294,SRR1797596_1.fastq.gz,SRR1797596_2.fastq.gz,Y
SRR1797941,FGSC_2391,SAMN02910334,PRJNA250710,SRR1797941_1.fastq.gz,SRR1797941_2.fastq.gz,Y
SRR1800252,FGSC_4591,SAMN02821429,PRJNA250138,SRR1800252_1.fastq.gz,SRR1800252_2.fastq.gz,Y
SRR1800267,FGSC_4924,SAMN02821454,PRJNA250146,SRR1800267_1.fastq.gz,SRR1800267_2.fastq.gz,Y
SRR4025947,FGSC_1303,SAMN05519289,PRJNA337454,SRR4025947_1.fastq.gz,SRR4025947_2.fastq.gz,Y
SRR4025948,FGSC_1303,SAMN05519289,PRJNA337454,SRR4025948_1.fastq.gz,SRR4025948_2.fastq.gz,Y
SRR1798239,FGSC_943,SAMN02822332,PRJNA251139,SRR1798239_1.fastq.gz,SRR1798239_2.fastq.gz,Y
SRR4063863,FGSC_2339,SAMN02910404,PRJNA250325,SRR4063863_1.fastq.gz,SRR4063863_2.fastq.gz,Y
SRR1798021,FGSC_6952,SAMN02910416,PRJNA250771,SRR1798021_1.fastq.gz,SRR1798021_2.fastq.gz,Y
SRR1799227,FGSC_541,SAMN02822272,PRJNA250908,SRR1799227_1.fastq.gz,SRR1799227_2.fastq.gz,Y
SRR1799243,FGSC_1579,SAMN02822024,PRJNA250788,SRR1799243_1.fastq.gz,SRR1799243_2.fastq.gz,Y
SRR1800224,FGSC_3647,SAMN02822241,PRJNA250049,SRR1800224_1.fastq.gz,SRR1800224_2.fastq.gz,Y
SRR1798584,FGSC_25014,SAMN02821942,PRJNA251311,SRR1798584_1.fastq.gz,SRR1798584_2.fastq.gz,Y
SRR4069248,FGSC_6440,SAMN02946345,PRJNA256791,SRR4069248_1.fastq.gz,SRR4069248_2.fastq.gz,Y
SRR1798234,FGSC_507,SAMN02821650,PRJNA251124,SRR1798234_1.fastq.gz,SRR1798234_2.fastq.gz,Y
SRR1800260,FGSC_4596,SAMN02821425,PRJNA250130,SRR1800260_1.fastq.gz,SRR1800260_2.fastq.gz,Y
SRR4025950,FGSC_3564,SAMN05519171,PRJNA337489,SRR4025950_1.fastq.gz,SRR4025950_2.fastq.gz,Y
SRR4025951,FGSC_3564,SAMN05519171,PRJNA337489,SRR4025951_1.fastq.gz,SRR4025951_2.fastq.gz,Y
SRR4069259,FGSC_6458,SAMN02910437,PRJNA249201,SRR4069259_1.fastq.gz,SRR4069259_2.fastq.gz,Y
SRR1587812,FGSC_380,SAMN02822166,PRJNA249870,SRR1587812_1.fastq.gz,SRR1587812_2.fastq.gz,Y
SRR1587819,FGSC_635,SAMN02822047,PRJNA249951,SRR1587819_1.fastq.gz,SRR1587819_2.fastq.gz,Y
SRR4064433,FGSC_4603,SAMN02910349,PRJNA249104,SRR4064433_1.fastq.gz,SRR4064433_2.fastq.gz,Y
SRR4142847,FGSC_1640_mo(D301),SAMN03159449,PRJNA265517,SRR4142847_1.fastq.gz,SRR4142847_2.fastq.gz,Y
SRR1798228,FGSC_317,SAMN02821613,PRJNA251068,SRR1798228_1.fastq.gz,SRR1798228_2.fastq.gz,Y
SRR1797999,FGSC_4038,SAMN02910367,PRJNA250765,SRR1797999_1.fastq.gz,SRR1797999_2.fastq.gz,Y
SRR1797994,FGSC_3859,SAMN02910296,PRJNA250759,SRR1797994_1.fastq.gz,SRR1797994_2.fastq.gz,Y
SRR1587448,FGSC_4213,SAMN02821627,PRJNA249874,SRR1587448_1.fastq.gz,SRR1587448_2.fastq.gz,Y
SRR1587483,FGSC_7921,SAMN02821933,PRJNA250038,SRR1587483_1.fastq.gz,SRR1587483_2.fastq.gz,Y
SRR1798400,FGSC_3954,SAMN02822382,PRJNA251205,SRR1798400_1.fastq.gz,SRR1798400_2.fastq.gz,Y
SRR1800243,FGSC_4187,SAMN02822243,PRJNA250054,SRR1800243_1.fastq.gz,SRR1800243_2.fastq.gz,Y
SRR1798436,FGSC_4315,SAMN02821438,PRJNA251256,SRR1798436_1.fastq.gz,SRR1798436_2.fastq.gz,Y
SRR1798284,FGSC_1400,SAMN02821941,PRJNA251191,SRR1798284_1.fastq.gz,SRR1798284_2.fastq.gz,Y
SRR1587482,FGSC_7784,SAMN02822000,PRJNA250023,SRR1587482_1.fastq.gz,SRR1587482_2.fastq.gz,Y
SRR1587796,FGSC_340,SAMN02821953,PRJNA249856,SRR1587796_1.fastq.gz,SRR1587796_2.fastq.gz,Y
SRR1799225,FGSC_386,SAMN02822377,PRJNA250899,SRR1799225_1.fastq.gz,SRR1799225_2.fastq.gz,Y
SRR1798018,FGSC_5858,SAMN02910287,PRJNA250762,SRR1798018_1.fastq.gz,SRR1798018_2.fastq.gz,Y
SRR3491010,FGSC_8204,SAMN02822365,PRJNA250946,SRR3491010_1.fastq.gz,NONE,N
SRR1798213,FGSC_64,SAMN02821890,PRJNA251069,SRR1798213_1.fastq.gz,SRR1798213_2.fastq.gz,Y
SRR1798209,FGSC_12,SAMN02822315,PRJNA251075,SRR1798209_1.fastq.gz,SRR1798209_2.fastq.gz,Y
SRR4142840,FGSC_1633_col(D5),SAMN03159399,PRJNA265520,SRR4142840_1.fastq.gz,SRR4142840_2.fastq.gz,Y
SRR1798226,FGSC_255,SAMN02821622,PRJNA251085,SRR1798226_1.fastq.gz,SRR1798226_2.fastq.gz,Y
SRR4069229,FGSC_2637,SAMN02910434,PRJNA249099,SRR4069229_1.fastq.gz,SRR4069229_2.fastq.gz,Y
SRR1798229,FGSC_336,SAMN02821615,PRJNA251074,SRR1798229_1.fastq.gz,SRR1798229_2.fastq.gz,Y
SRR4069242,FGSC_7304,SAMN02910407,PRJNA249188,SRR4069242_1.fastq.gz,SRR4069242_2.fastq.gz,Y
SRR1800241,FGSC_4188,SAMN02822003,PRJNA250056,SRR1800241_1.fastq.gz,SRR1800241_2.fastq.gz,Y
SRR1798512,FGSC_10988,SAMN02821807,PRJNA251262,SRR1798512_1.fastq.gz,SRR1798512_2.fastq.gz,Y
SRR1800232,FGSC_3906,SAMN02821708,PRJNA250051,SRR1800232_1.fastq.gz,SRR1800232_2.fastq.gz,Y
SRR1800158,FGSC_781,SAMN02822160,PRJNA249819,SRR1800158_1.fastq.gz,SRR1800158_2.fastq.gz,Y
SRR1799219,FGSC_50,SAMN02822059,PRJNA250909,SRR1799219_1.fastq.gz,SRR1799219_2.fastq.gz,Y
SRR1800169,FGSC_2137,SAMN02822217,PRJNA249866,SRR1800169_1.fastq.gz,SRR1800169_2.fastq.gz,Y
SRR1800160,FGSC_1162,SAMN02821837,PRJNA249820,SRR1800160_1.fastq.gz,SRR1800160_2.fastq.gz,Y
SRR1800174,FGSC_2328,SAMN02821458,PRJNA249884,SRR1800174_1.fastq.gz,SRR1800174_2.fastq.gz,Y
SRR1798001,FGSC_4324,SAMN02910256,PRJNA250770,SRR1798001_1.fastq.gz,SRR1798001_2.fastq.gz,Y
SRR4143341,FGSC_10321_grape_(29-40)t,SAMN03159461,PRJNA265498,SRR4143341_1.fastq.gz,SRR4143341_2.fastq.gz,Y
SRR1798225,FGSC_185,SAMN02822301,PRJNA251081,SRR1798225_1.fastq.gz,SRR1798225_2.fastq.gz,Y
SRR1587444,FGSC_4094,SAMN02821451,PRJNA249882,SRR1587444_1.fastq.gz,SRR1587444_2.fastq.gz,Y
SRR1799262,FGSC_1587,SAMN02822381,PRJNA250781,SRR1799262_1.fastq.gz,SRR1799262_2.fastq.gz,Y
SRR1797938,FGSC_2345_un-12,SAMN02821428,PRJNA250702,SRR1797938_1.fastq.gz,SRR1797938_2.fastq.gz,Y
SRR1798571,FGSC_25009,SAMN02821480,PRJNA251302,SRR1798571_1.fastq.gz,SRR1798571_2.fastq.gz,Y
SRR1798056,FGSC_9581,SAMN02910390,PRJNA250807,SRR1798056_1.fastq.gz,SRR1798056_2.fastq.gz,Y
SRR4434479,FGSC_1590,SAMN05920769,PRJNA346387,SRR4434479_1.fastq.gz,SRR4434479_2.fastq.gz,Y
SRR1800281,FGSC_18899,SAMN02822339,PRJNA250227,SRR1800281_1.fastq.gz,SRR1800281_2.fastq.gz,Y
SRR4025970,FGSC_322,SAMN05519175,PRJNA337492,SRR4025970_1.fastq.gz,SRR4025970_2.fastq.gz,Y
SRR4025971,FGSC_322,SAMN05519175,PRJNA337492,SRR4025971_1.fastq.gz,SRR4025971_2.fastq.gz,Y
SRR4025972,FGSC_322,SAMN05519175,PRJNA337492,SRR4025972_1.fastq.gz,SRR4025972_2.fastq.gz,Y
SRR1800225,FGSC_3651,SAMN02821704,PRJNA250041,SRR1800225_1.fastq.gz,SRR1800225_2.fastq.gz,Y
SRR1799236,FGSC_1234,SAMN02822244,PRJNA250746,SRR1799236_1.fastq.gz,SRR1799236_2.fastq.gz,Y
SRR4025964,FGSC_3566,SAMN05518902,PRJNA337494,SRR4025964_1.fastq.gz,NONE,N
SRR4025965,FGSC_3566,SAMN05518902,PRJNA337494,SRR4025965_1.fastq.gz,SRR4025965_2.fastq.gz,Y
SRR1799265,FGSC_2271,SAMN02822058,PRJNA250843,SRR1799265_1.fastq.gz,SRR1799265_2.fastq.gz,Y
SRR1797939,FGSC_2587,SAMN02910333,PRJNA250712,SRR1797939_1.fastq.gz,SRR1797939_2.fastq.gz,Y
SRR1799419,FGSC_2272,SAMN02821863,PRJNA250851,SRR1799419_1.fastq.gz,SRR1799419_2.fastq.gz,Y
